asal,tujuan,nilai
12,11,129375.0
13,11,8842.0
14,11,5259.0
15,11,1324.0
16,11,2601.0
17,11,1009.0
18,11,2577.0
19,11,159.0
21,11,1545.0
31,11,5613.0
32,11,10696.0
33,11,25133.0
34,11,1747.0
35,11,11217.0
36,11,2202.0
51,11,82.0
52,11,336.0
53,11,120.0
61,11,419.0
62,11,25.0
63,11,368.0
64,11,232.0
65,11,108.0
71,11,489.0
72,11,237.0
73,11,559.0
74,11,345.0
75,11,101.0
76,11,30.0
81,11,92.0
82,11,84.0
91,11,133.0
94,11,80.0
11,12,104524.0
13,12,69428.0
14,12,81006.0
15,12,12949.0
16,12,12434.0
17,12,4365.0
18,12,7898.0
19,12,1333.0
21,12,22282.0
31,12,41671.0
32,12,45657.0
33,12,79521.0
34,12,6920.0
35,12,38776.0
36,12,10501.0
51,12,970.0
52,12,2272.0
53,12,2354.0
61,12,3983.0
62,12,2101.0
63,12,2789.0
64,12,2415.0
65,12,156.0
71,12,2090.0
72,12,945.0
73,12,2564.0
74,12,1005.0
75,12,159.0
76,12,56.0
81,12,460.0
82,12,64.0
91,12,465.0
94,12,1841.0
11,13,7987.0
12,13,86384.0
14,13,61725.0
15,13,30890.0
16,13,15558.0
17,13,11834.0
18,13,12639.0
19,13,783.0
21,13,15802.0
31,13,32465.0
32,13,33512.0
33,13,49322.0
34,13,5123.0
35,13,18810.0
36,13,7884.0
51,13,495.0
52,13,1219.0
53,13,688.0
61,13,996.0
62,13,279.0
63,13,712.0
64,13,665.0
65,13,90.0
71,13,286.0
72,13,58.0
73,13,631.0
74,13,120.0
75,13,141.0
76,13,62.0
81,13,356.0
82,13,207.0
91,13,137.0
94,13,633.0
11,14,37415.0
12,14,940192.0
13,14,281026.0
15,14,26829.0
16,14,26746.0
17,14,6855.0
18,14,35755.0
19,14,1849.0
21,14,18843.0
31,14,17992.0
32,14,67798.0
33,14,188647.0
34,14,29073.0
35,14,139771.0
36,14,7484.0
51,14,852.0
52,14,3792.0
53,14,2137.0
61,14,3488.0
62,14,1083.0
63,14,2283.0
64,14,1477.0
65,14,171.0
71,14,1091.0
72,14,361.0
73,14,10379.0
74,14,502.0
75,14,336.0
76,14,69.0
81,14,417.0
82,14,66.0
91,14,83.0
94,14,301.0
11,15,7902.0
12,15,97313.0
13,15,64224.0
14,15,29068.0
16,15,63856.0
17,15,7362.0
18,15,34916.0
19,15,1452.0
21,15,2674.0
31,15,9027.0
32,15,42623.0
33,15,185580.0
34,15,20974.0
35,15,67282.0
36,15,3752.0
51,15,296.0
52,15,1043.0
53,15,638.0
61,15,1266.0
62,15,298.0
63,15,936.0
64,15,764.0
65,15,194.0
71,15,319.0
72,15,173.0
73,15,14261.0
74,15,214.0
75,15,52.0
76,15,176.0
81,15,111.0
82,15,7.0
91,15,100.0
94,15,250.0
11,16,4364.0
12,16,38215.0
13,16,24618.0
14,16,9033.0
15,16,25997.0
17,16,27116.0
18,16,175236.0
19,16,10240.0
21,16,3448.0
31,16,18448.0
32,16,84356.0
33,16,270685.0
34,16,40141.0
35,16,174426.0
36,16,23760.0
51,16,14133.0
52,16,1249.0
53,16,932.0
61,16,1876.0
62,16,818.0
63,16,1152.0
64,16,1555.0
65,16,114.0
71,16,894.0
72,16,389.0
73,16,10211.0
74,16,303.0
75,16,122.0
76,16,173.0
81,16,550.0
82,16,66.0
91,16,164.0
94,16,405.0
11,17,1887.0
12,17,22394.0
13,17,27576.0
14,17,3424.0
15,17,8084.0
16,17,74803.0
18,17,46532.0
19,17,978.0
21,17,1031.0
31,17,4924.0
32,17,24300.0
33,17,71555.0
34,17,10160.0
35,17,34649.0
36,17,3157.0
51,17,1556.0
52,17,270.0
53,17,222.0
61,17,284.0
62,17,81.0
63,17,257.0
64,17,451.0
65,17,32.0
71,17,80.0
72,17,68.0
73,17,1088.0
74,17,112.0
75,17,19.0
76,17,89.0
81,17,144.0
82,17,32.0
91,17,30.0
94,17,187.0
11,18,3693.0
12,18,29191.0
13,18,20886.0
14,18,6800.0
15,18,7946.0
16,18,150389.0
17,18,11013.0
19,18,6607.0
21,18,2136.0
31,18,31724.0
32,18,149161.0
33,18,395465.0
34,18,74076.0
35,18,325246.0
36,18,67154.0
51,18,26477.0
52,18,852.0
53,18,1026.0
61,18,2736.0
62,18,576.0
63,18,1392.0
64,18,1366.0
65,18,94.0
71,18,796.0
72,18,276.0
73,18,7379.0
74,18,397.0
75,18,255.0
76,18,107.0
81,18,527.0
82,18,172.0
91,18,289.0
94,18,575.0
11,19,961.0
12,19,8244.0
13,19,4322.0
14,19,2735.0
15,19,4746.0
16,19,64157.0
17,19,2635.0
18,19,23355.0
21,19,2602.0
31,19,9369.0
32,19,22620.0
33,19,30309.0
34,19,4596.0
35,19,21871.0
36,19,6703.0
51,19,763.0
52,19,2808.0
53,19,2095.0
61,19,2147.0
62,19,150.0
63,19,614.0
64,19,369.0
65,19,45.0
71,19,250.0
72,19,474.0
73,19,7753.0
74,19,2467.0
75,19,45.0
76,19,151.0
81,19,422.0
82,19,99.0
91,19,39.0
94,19,40.0
11,21,15004.0
12,21,214242.0
13,21,105618.0
14,21,114098.0
15,21,16189.0
16,21,43757.0
17,21,4917.0
18,21,15549.0
19,21,5821.0
31,21,18110.0
32,21,47928.0
33,21,95904.0
34,21,10776.0
35,21,81048.0
36,21,4009.0
51,21,1109.0
52,21,5079.0
53,21,23228.0
61,21,12978.0
62,21,454.0
63,21,1573.0
64,21,1793.0
65,21,163.0
71,21,2525.0
72,21,928.0
73,21,12763.0
74,21,4976.0
75,21,104.0
76,21,160.0
81,21,1618.0
82,21,220.0
91,21,300.0
94,21,597.0
11,31,21272.0
12,31,196209.0
13,31,111506.0
14,31,39623.0
15,31,17010.0
16,31,63489.0
17,31,6942.0
18,31,67956.0
19,31,30941.0
21,31,8910.0
32,31,809669.0
33,31,1099042.0
34,31,88134.0
35,31,340561.0
36,31,208148.0
51,31,9659.0
52,31,14106.0
53,31,13462.0
61,31,60651.0
62,31,2618.0
63,31,9877.0
64,31,9158.0
65,31,807.0
71,31,16689.0
72,31,3104.0
73,31,43530.0
74,31,2803.0
75,31,2189.0
76,31,697.0
81,31,9990.0
82,31,2319.0
91,31,1373.0
94,31,4941.0
11,32,26124.0
12,32,277846.0
13,32,145636.0
14,32,29869.0
15,32,18845.0
16,32,109806.0
17,32,17192.0
18,32,117173.0
19,32,21774.0
21,32,9702.0
31,32,1821308.0
33,32,1552640.0
34,32,158346.0
35,32,432487.0
36,32,226409.0
51,32,15066.0
52,32,14185.0
53,32,14203.0
61,32,35294.0
62,32,3858.0
63,32,12370.0
64,32,16101.0
65,32,1332.0
71,32,14670.0
72,32,5706.0
73,32,37480.0
74,32,5586.0
75,32,2004.0
76,32,937.0
81,32,16145.0
82,32,3172.0
91,32,2566.0
94,32,7431.0
11,33,7651.0
12,33,27011.0
13,33,15429.0
14,33,12091.0
15,33,11262.0
16,33,31368.0
17,33,5204.0
18,33,44590.0
19,33,3347.0
21,33,12134.0
31,33,162191.0
32,33,255900.0
34,33,152564.0
35,33,264299.0
36,33,53922.0
51,33,6362.0
52,33,5645.0
53,33,5620.0
61,33,11275.0
62,33,11428.0
63,33,8839.0
64,33,10956.0
65,33,1225.0
71,33,3254.0
72,33,2830.0
73,33,9097.0
74,33,1893.0
75,33,743.0
76,33,469.0
81,33,4648.0
82,33,1205.0
91,33,2794.0
94,33,6338.0
11,34,2488.0
12,34,12062.0
13,34,6761.0
14,34,6311.0
15,34,4492.0
16,34,14750.0
17,34,4048.0
18,34,15070.0
19,34,2293.0
21,34,3342.0
31,34,40773.0
32,34,55335.0
33,34,285471.0
35,34,73173.0
36,34,11912.0
51,34,3290.0
52,34,4662.0
53,34,4935.0
61,34,7382.0
62,34,2713.0
63,34,3743.0
64,34,6934.0
65,34,1220.0
71,34,1396.0
72,34,2206.0
73,34,4726.0
74,34,1503.0
75,34,214.0
76,34,201.0
81,34,2131.0
82,34,849.0
91,34,1395.0
94,34,3853.0
11,35,6988.0
12,35,33972.0
13,35,12108.0
14,35,13366.0
15,35,5090.0
16,35,22937.0
17,35,4044.0
18,35,29025.0
19,35,3162.0
21,35,9442.0
31,35,72244.0
32,35,110197.0
33,35,349422.0
34,35,37861.0
36,35,20365.0
51,35,34791.0
52,35,15191.0
53,35,17161.0
61,35,11547.0
62,35,13488.0
63,35,22785.0
64,35,38769.0
65,35,4324.0
71,35,8320.0
72,35,7222.0
73,35,24327.0
74,35,3798.0
75,35,1226.0
76,35,753.0
81,35,10124.0
82,35,2326.0
91,35,4979.0
94,35,10933.0
11,36,8924.0
12,36,93939.0
13,36,51284.0
14,36,9976.0
15,36,6466.0
16,36,62495.0
17,36,5781.0
18,36,101214.0
19,36,16049.0
21,36,2942.0
31,36,669215.0
32,36,421117.0
33,36,539148.0
34,36,74365.0
35,36,161404.0
51,36,4648.0
52,36,7113.0
53,36,5708.0
61,36,18364.0
62,36,1246.0
63,36,3437.0
64,36,4349.0
65,36,685.0
71,36,5551.0
72,36,1405.0
73,36,11099.0
74,36,1088.0
75,36,755.0
76,36,225.0
81,36,3235.0
82,36,552.0
91,36,672.0
94,36,2201.0
11,51,350.0
12,51,4139.0
13,51,1397.0
14,51,1236.0
15,51,201.0
16,51,2613.0
17,51,327.0
18,51,3936.0
19,51,439.0
21,51,461.0
31,51,11700.0
32,51,14151.0
33,51,20252.0
34,51,3243.0
35,51,144145.0
36,51,1505.0
52,51,17644.0
53,51,22081.0
61,51,1355.0
62,51,532.0
63,51,809.0
64,51,1970.0
65,51,78.0
71,51,1368.0
72,51,2247.0
73,51,2950.0
74,51,1474.0
75,51,201.0
76,51,631.0
81,51,1288.0
82,51,112.0
91,51,322.0
94,51,612.0
11,52,439.0
12,52,2477.0
13,52,1187.0
14,52,983.0
15,52,224.0
16,52,811.0
17,52,246.0
18,52,1039.0
19,52,249.0
21,52,1103.0
31,52,5960.0
32,52,8162.0
33,52,12209.0
34,52,2795.0
35,52,32034.0
36,52,1913.0
51,52,22202.0
53,52,9853.0
61,52,1079.0
62,52,502.0
63,52,1174.0
64,52,2480.0
65,52,321.0
71,52,483.0
72,52,770.0
73,52,6668.0
74,52,737.0
75,52,57.0
76,52,387.0
81,52,616.0
82,52,65.0
91,52,196.0
94,52,776.0
11,53,219.0
12,53,3075.0
13,53,1953.0
14,53,602.0
15,53,420.0
16,53,1022.0
17,53,123.0
18,53,603.0
19,53,482.0
21,53,3673.0
31,53,6382.0
32,53,5275.0
33,53,13084.0
34,53,2514.0
35,53,23940.0
36,53,862.0
51,53,7608.0
52,53,13246.0
61,53,1292.0
62,53,1308.0
63,53,880.0
64,53,4547.0
65,53,1712.0
71,53,1093.0
72,53,904.0
73,53,18352.0
74,53,3757.0
75,53,61.0
76,53,358.0
81,53,5006.0
82,53,435.0
91,53,1126.0
94,53,2726.0
11,61,1715.0
12,61,17206.0
13,61,5012.0
14,61,2757.0
15,61,905.0
16,61,3011.0
17,61,586.0
18,61,7663.0
19,61,935.0
21,61,2864.0
31,61,10916.0
32,61,39632.0
33,61,117620.0
34,61,13960.0
35,61,73828.0
36,61,7231.0
51,61,824.0
52,61,5615.0
53,61,12150.0
62,61,3322.0
63,61,2368.0
64,61,2114.0
65,61,239.0
71,61,1183.0
72,61,500.0
73,61,4353.0
74,61,357.0
75,61,99.0
76,61,334.0
81,61,509.0
82,61,316.0
91,61,120.0
94,61,386.0
11,62,626.0
12,62,13945.0
13,62,1586.0
14,62,2152.0
15,62,1412.0
16,62,3458.0
17,62,658.0
18,62,8444.0
19,62,278.0
21,62,488.0
31,62,4597.0
32,62,27801.0
33,62,160036.0
34,62,12082.0
35,62,138899.0
36,62,3651.0
51,62,3313.0
52,62,7524.0
53,62,24686.0
61,62,10393.0
63,62,117682.0
64,62,5022.0
65,62,472.0
71,62,1291.0
72,62,1477.0
73,62,5977.0
74,62,672.0
75,62,359.0
76,62,649.0
81,62,723.0
82,62,235.0
91,62,251.0
94,62,522.0
11,63,1341.0
12,63,9394.0
13,63,2549.0
14,63,1664.0
15,63,1451.0
16,63,3135.0
17,63,383.0
18,63,4321.0
19,63,580.0
21,63,598.0
31,63,6542.0
32,63,25412.0
33,63,95500.0
34,63,13598.0
35,63,169779.0
36,63,3408.0
51,63,7151.0
52,63,9251.0
53,63,9398.0
61,63,2398.0
62,63,61231.0
64,63,24495.0
65,63,1283.0
71,63,1750.0
72,63,1424.0
73,63,23529.0
74,63,1025.0
75,63,270.0
76,63,4212.0
81,63,539.0
82,63,235.0
91,63,219.0
94,63,482.0
11,64,2027.0
12,64,22211.0
13,64,6201.0
14,64,3697.0
15,64,2219.0
16,64,7995.0
17,64,769.0
18,64,7791.0
19,64,1101.0
21,64,1038.0
31,64,12870.0
32,64,44318.0
33,64,137752.0
34,64,14483.0
35,64,349363.0
36,64,4560.0
51,64,7347.0
52,64,24102.0
53,64,44521.0
61,64,4899.0
62,64,9540.0
63,64,102421.0
65,64,23711.0
71,64,11174.0
72,64,17726.0
73,64,273447.0
74,64,18564.0
75,64,2006.0
76,64,26967.0
81,64,2759.0
82,64,738.0
91,64,640.0
94,64,1538.0
11,65,289.0
12,65,2125.0
13,65,504.0
14,65,423.0
15,65,300.0
16,65,569.0
17,65,37.0
18,65,1229.0
19,65,154.0
21,65,281.0
31,65,1419.0
32,65,4243.0
33,65,12848.0
34,65,2324.0
35,65,35365.0
36,65,929.0
51,65,284.0
52,65,2665.0
53,65,12846.0
61,65,490.0
62,65,690.0
63,65,2866.0
64,65,15650.0
71,65,991.0
72,65,7954.0
73,65,108386.0
74,65,3565.0
75,65,655.0
76,65,3520.0
81,65,361.0
82,65,156.0
91,65,186.0
94,65,333.0
11,71,417.0
12,71,3635.0
13,71,519.0
14,71,577.0
15,71,215.0
16,71,556.0
17,71,10.0
18,71,576.0
19,71,256.0
21,71,879.0
31,71,10936.0
32,71,8499.0
33,71,11654.0
34,71,1034.0
35,71,15963.0
36,71,842.0
51,71,4298.0
52,71,394.0
53,71,2016.0
61,71,980.0
62,71,246.0
63,71,1077.0
64,71,3990.0
65,71,646.0
72,71,15741.0
73,71,21146.0
74,71,3085.0
75,71,50471.0
76,71,818.0
81,71,6359.0
82,71,14385.0
91,71,3062.0
94,71,5214.0
11,72,554.0
12,72,2795.0
13,72,1256.0
14,72,647.0
15,72,1615.0
16,72,1143.0
17,72,129.0
18,72,1367.0
19,72,151.0
21,72,208.0
31,72,2942.0
32,72,13999.0
33,72,27505.0
34,72,2644.0
35,72,53685.0
36,72,1310.0
51,72,47257.0
52,72,9691.0
53,72,4194.0
61,72,540.0
62,72,443.0
63,72,1052.0
64,72,4918.0
65,72,2425.0
71,72,17713.0
73,72,157216.0
74,72,13799.0
75,72,25070.0
76,72,16617.0
81,72,1514.0
82,72,1323.0
91,72,528.0
94,72,871.0
11,73,751.0
12,73,3937.0
13,73,2489.0
14,73,3760.0
15,73,4379.0
16,73,3584.0
17,73,163.0
18,73,2023.0
19,73,783.0
21,73,1340.0
31,73,13194.0
32,73,15243.0
33,73,29710.0
34,73,3317.0
35,73,43131.0
36,73,1621.0
51,73,13729.0
52,73,11457.0
53,73,14481.0
61,73,1032.0
62,73,1353.0
63,73,4101.0
64,73,27044.0
65,73,8466.0
71,73,7316.0
72,73,23129.0
74,73,36493.0
75,73,2454.0
76,73,37644.0
81,73,9332.0
82,73,3250.0
91,73,5326.0
94,73,15493.0
11,74,351.0
12,74,1768.0
13,74,1202.0
14,74,1731.0
15,74,1373.0
16,74,1124.0
17,74,137.0
18,74,1294.0
19,74,632.0
21,74,1241.0
31,74,2878.0
32,74,25075.0
33,74,22636.0
34,74,3845.0
35,74,32508.0
36,74,679.0
51,74,25662.0
52,74,4493.0
53,74,3586.0
61,74,721.0
62,74,202.0
63,74,789.0
64,74,5973.0
65,74,833.0
71,74,2836.0
72,74,10442.0
73,74,236442.0
75,74,973.0
76,74,8742.0
81,74,28606.0
82,74,4788.0
91,74,3343.0
94,74,3822.0
11,75,195.0
12,75,540.0
13,75,182.0
14,75,52.0
15,75,624.0
16,75,170.0
17,75,42.0
18,75,173.0
19,75,9.0
21,75,9.0
31,75,1103.0
32,75,3433.0
33,75,3026.0
34,75,352.0
35,75,9634.0
36,75,374.0
51,75,2034.0
52,75,1102.0
53,75,379.0
61,75,90.0
62,75,117.0
63,75,102.0
64,75,408.0
65,75,101.0
71,75,24027.0
72,75,14043.0
73,75,8435.0
74,75,1124.0
76,75,403.0
81,75,281.0
82,75,1017.0
91,75,129.0
94,75,424.0
11,76,70.0
12,76,472.0
13,76,208.0
14,76,77.0
15,76,831.0
16,76,293.0
17,76,163.0
18,76,400.0
19,76,3.0
21,76,56.0
31,76,760.0
32,76,2444.0
33,76,8257.0
34,76,606.0
35,76,9667.0
36,76,225.0
51,76,10398.0
52,76,4844.0
53,76,3507.0
61,76,228.0
62,76,138.0
63,76,1209.0
64,76,3939.0
65,76,546.0
71,76,498.0
72,76,12663.0
73,76,103176.0
74,76,2591.0
75,76,298.0
81,76,359.0
82,76,148.0
91,76,206.0
94,76,430.0
11,81,252.0
12,81,1720.0
13,81,1110.0
14,81,510.0
15,81,189.0
16,81,251.0
17,81,22.0
18,81,748.0
19,81,51.0
21,81,400.0
31,81,3163.0
32,81,7678.0
33,81,14831.0
34,81,774.0
35,81,22279.0
36,81,1066.0
51,81,983.0
52,81,522.0
53,81,3854.0
61,81,605.0
62,81,222.0
63,81,506.0
64,81,667.0
65,81,126.0
71,81,2964.0
72,81,1041.0
73,81,18144.0
74,81,26087.0
75,81,328.0
76,81,339.0
82,81,9765.0
91,81,5005.0
94,81,4576.0
11,82,174.0
12,82,517.0
13,82,869.0
14,82,210.0
15,82,145.0
16,82,337.0
17,82,37.0
18,82,432.0
19,82,20.0
21,82,93.0
31,82,1474.0
32,82,3323.0
33,82,9088.0
34,82,447.0
35,82,12615.0
36,82,369.0
51,82,216.0
52,82,661.0
53,82,1934.0
61,82,114.0
62,82,101.0
63,82,188.0
64,82,322.0
65,82,55.0
71,82,13942.0
72,82,3080.0
73,82,11415.0
74,82,16738.0
75,82,3128.0
76,82,178.0
81,82,13770.0
91,82,1329.0
94,82,1654.0
11,91,310.0
12,91,5954.0
13,91,542.0
14,91,522.0
15,91,275.0
16,91,931.0
17,91,124.0
18,91,1620.0
19,91,111.0
21,91,187.0
31,91,2564.0
32,91,8945.0
33,91,29791.0
34,91,2921.0
35,91,44033.0
36,91,1257.0
51,91,811.0
52,91,2586.0
53,91,15826.0
61,91,457.0
62,91,229.0
63,91,446.0
64,91,874.0
65,91,175.0
71,91,15950.0
72,91,2545.0
73,91,53245.0
74,91,18784.0
75,91,898.0
76,91,577.0
81,91,47217.0
82,91,7929.0
94,91,33959.0
11,94,941.0
12,94,14873.0
13,94,2880.0
14,94,1239.0
15,94,971.0
16,94,1835.0
17,94,384.0
18,94,3406.0
19,94,99.0
21,94,305.0
31,94,4864.0
32,94,15448.0
33,94,52863.0
34,94,4330.0
35,94,74114.0
36,94,1956.0
51,94,1261.0
52,94,5668.0
53,94,26935.0
61,94,1124.0
62,94,458.0
63,94,768.0
64,94,1654.0
65,94,476.0
71,94,18522.0
72,94,2439.0
73,94,137177.0
74,94,22709.0
75,94,1432.0
76,94,1516.0
81,94,49437.0
82,94,6139.0
91,94,23379.0
