asal,11,12,13,14,15,16,17,18,19,21,31,32,33,34,35,36,51,52,53,61,62,63,64,65,71,72,73,74,75,76,81,82,91,94
11,0.0,14485.0,2161.0,2363.0,432.0,1024.0,318.0,503.0,51.0,1871.0,949.0,3728.0,2733.0,808.0,1799.0,774.0,144.0,304.0,26.0,122.0,104.0,223.0,270.0,26.0,31.0,170.0,72.0,360.0,173.0,32.0,102.0,46.0,32.0,153.0
12,21622.0,0.0,18150.0,65668.0,7280.0,3868.0,2100.0,2614.0,823.0,24366.0,8108.0,19801.0,6751.0,3639.0,4664.0,5582.0,746.0,687.0,842.0,1671.0,2472.0,1713.0,2009.0,237.0,545.0,972.0,529.0,418.0,93.0,150.0,550.0,87.0,583.0,1289.0
13,1271.0,9316.0,0.0,21359.0,8843.0,2304.0,2665.0,2031.0,590.0,11221.0,5040.0,12287.0,5212.0,1322.0,2377.0,2469.0,190.0,700.0,335.0,671.0,399.0,281.0,638.0,29.0,18.0,262.0,650.0,147.0,27.0,56.0,64.0,135.0,108.0,163.0
14,2076.0,49179.0,45624.0,0.0,5030.0,2547.0,1230.0,2383.0,344.0,13622.0,2317.0,5251.0,8893.0,3505.0,4530.0,1339.0,222.0,678.0,311.0,987.0,345.0,345.0,436.0,45.0,55.0,105.0,434.0,591.0,76.0,16.0,249.0,9.0,67.0,141.0
15,474.0,6297.0,14579.0,4359.0,0.0,5056.0,2479.0,2169.0,640.0,2103.0,892.0,3227.0,11217.0,1931.0,1577.0,1047.0,35.0,124.0,83.0,281.0,438.0,279.0,521.0,10.0,17.0,128.0,384.0,71.0,114.0,43.0,15.0,15.0,4.0,69.0
16,379.0,3498.0,4942.0,2715.0,7325.0,0.0,8714.0,24030.0,7400.0,4643.0,3055.0,10468.0,12127.0,4546.0,7635.0,5788.0,889.0,629.0,463.0,188.0,617.0,541.0,1364.0,56.0,136.0,129.0,864.0,77.0,2.0,35.0,21.0,57.0,305.0,79.0
17,270.0,1794.0,5331.0,936.0,1141.0,7846.0,0.0,1763.0,332.0,970.0,298.0,2515.0,2183.0,1172.0,1040.0,578.0,5.0,23.0,50.0,55.0,136.0,21.0,86.0,6.0,0.0,53.0,41.0,0.0,37.0,101.0,0.0,63.0,20.0,30.0
18,390.0,1461.0,3646.0,2569.0,2875.0,19987.0,3466.0,0.0,3030.0,2422.0,6189.0,15702.0,12986.0,4361.0,5596.0,11927.0,1275.0,302.0,345.0,875.0,1344.0,229.0,1366.0,127.0,21.0,74.0,267.0,237.0,89.0,38.0,154.0,0.0,126.0,334.0
19,34.0,345.0,461.0,35.0,266.0,2641.0,281.0,2306.0,0.0,726.0,708.0,1562.0,2784.0,1104.0,1123.0,1354.0,100.0,644.0,395.0,220.0,102.0,79.0,224.0,7.0,4.0,69.0,184.0,555.0,0.0,38.0,0.0,15.0,0.0,0.0
21,921.0,18601.0,15324.0,7531.0,1708.0,1574.0,766.0,1267.0,800.0,0.0,933.0,3414.0,12124.0,2028.0,6453.0,719.0,93.0,1253.0,3124.0,932.0,30.0,196.0,270.0,129.0,425.0,95.0,877.0,1130.0,0.0,83.0,64.0,92.0,48.0,161.0
31,2000.0,19064.0,22428.0,2643.0,1670.0,5757.0,2108.0,18517.0,3638.0,3380.0,0.0,339634.0,188939.0,15291.0,31387.0,103105.0,2897.0,3969.0,5457.0,4620.0,1530.0,1237.0,3475.0,453.0,2596.0,1033.0,4428.0,1383.0,533.0,335.0,1417.0,480.0,969.0,1095.0
32,3038.0,21257.0,20448.0,5352.0,2979.0,13239.0,4523.0,20634.0,4325.0,5696.0,76296.0,0.0,173999.0,24533.0,36330.0,52798.0,2879.0,4348.0,3562.0,3473.0,3791.0,3106.0,4293.0,695.0,1856.0,1513.0,4636.0,1574.0,577.0,386.0,1733.0,490.0,1086.0,1124.0
33,1191.0,3180.0,4552.0,5884.0,3741.0,6659.0,1857.0,8402.0,2072.0,6625.0,48201.0,123205.0,0.0,59708.0,47761.0,29622.0,2469.0,3019.0,2783.0,6393.0,17670.0,4111.0,9142.0,1536.0,904.0,1114.0,3063.0,1125.0,206.0,436.0,867.0,696.0,1146.0,2548.0
34,255.0,1231.0,987.0,1514.0,592.0,1819.0,863.0,2307.0,1174.0,1116.0,3861.0,8554.0,49606.0,0.0,5859.0,3894.0,689.0,2963.0,3611.0,1454.0,1179.0,694.0,1835.0,651.0,277.0,531.0,416.0,509.0,72.0,144.0,586.0,346.0,543.0,522.0
35,658.0,4116.0,2629.0,3610.0,1790.0,4309.0,1107.0,7216.0,1507.0,6250.0,16879.0,32723.0,63399.0,15873.0,0.0,9152.0,20182.0,7896.0,14886.0,3692.0,8786.0,10768.0,18237.0,2611.0,1699.0,1995.0,4022.0,1855.0,454.0,930.0,2502.0,1084.0,3511.0,4626.0
36,761.0,6178.0,7232.0,1339.0,560.0,4046.0,888.0,18099.0,1146.0,843.0,22916.0,71956.0,65752.0,9332.0,11700.0,0.0,750.0,1213.0,748.0,1792.0,915.0,722.0,917.0,46.0,216.0,365.0,765.0,134.0,213.0,8.0,286.0,51.0,210.0,372.0
51,0.0,874.0,733.0,61.0,80.0,328.0,96.0,773.0,117.0,439.0,1212.0,3179.0,6639.0,1892.0,26708.0,476.0,0.0,11620.0,14451.0,206.0,145.0,362.0,314.0,49.0,395.0,713.0,607.0,550.0,31.0,388.0,181.0,62.0,202.0,185.0
52,86.0,823.0,385.0,235.0,117.0,175.0,69.0,44.0,591.0,612.0,1137.0,1468.0,2437.0,1847.0,3982.0,444.0,3713.0,0.0,3556.0,344.0,2435.0,1477.0,1790.0,174.0,139.0,169.0,1188.0,333.0,118.0,158.0,45.0,73.0,164.0,604.0
53,0.0,244.0,376.0,327.0,85.0,38.0,12.0,74.0,113.0,1902.0,1505.0,787.0,3353.0,2625.0,6175.0,333.0,6336.0,3487.0,0.0,1063.0,7578.0,1699.0,5972.0,1272.0,303.0,319.0,3535.0,447.0,103.0,318.0,733.0,73.0,2030.0,3950.0
61,100.0,1695.0,579.0,324.0,172.0,231.0,131.0,1139.0,210.0,1441.0,2270.0,4691.0,12226.0,2654.0,4667.0,1002.0,260.0,2700.0,1423.0,0.0,2927.0,612.0,741.0,21.0,169.0,74.0,455.0,219.0,64.0,87.0,46.0,52.0,135.0,173.0
62,2.0,1519.0,474.0,97.0,179.0,207.0,109.0,314.0,51.0,139.0,355.0,1120.0,29980.0,2289.0,9766.0,268.0,80.0,3883.0,3591.0,1523.0,0.0,15674.0,1602.0,119.0,69.0,340.0,679.0,124.0,94.0,163.0,20.0,37.0,6.0,11.0
63,199.0,813.0,192.0,251.0,20.0,198.0,63.0,606.0,33.0,225.0,835.0,1865.0,7190.0,1866.0,9094.0,521.0,79.0,2037.0,1600.0,527.0,12807.0,0.0,7962.0,541.0,226.0,163.0,2527.0,519.0,35.0,530.0,203.0,31.0,30.0,77.0
64,2.0,1698.0,406.0,272.0,133.0,920.0,123.0,1058.0,112.0,249.0,688.0,3689.0,14121.0,4158.0,22712.0,703.0,302.0,7658.0,12582.0,996.0,1711.0,9904.0,0.0,4034.0,813.0,3228.0,25914.0,3651.0,305.0,4442.0,139.0,42.0,213.0,106.0
65,26.0,320.0,194.0,100.0,161.0,92.0,10.0,0.0,82.0,73.0,127.0,611.0,551.0,587.0,3171.0,6.0,0.0,671.0,2406.0,66.0,420.0,630.0,3994.0,0.0,246.0,2140.0,7642.0,635.0,103.0,846.0,97.0,0.0,29.0,40.0
71,68.0,1064.0,157.0,67.0,10.0,15.0,18.0,141.0,52.0,186.0,618.0,1095.0,1009.0,279.0,2487.0,474.0,226.0,362.0,567.0,64.0,364.0,173.0,824.0,105.0,0.0,3265.0,1756.0,1597.0,8651.0,108.0,841.0,2081.0,1655.0,1195.0
72,8.0,250.0,29.0,0.0,18.0,58.0,8.0,118.0,144.0,50.0,35.0,1068.0,3260.0,1033.0,1547.0,292.0,820.0,532.0,254.0,99.0,459.0,202.0,2334.0,1388.0,2951.0,0.0,12121.0,3423.0,5148.0,4714.0,274.0,676.0,484.0,286.0
73,47.0,726.0,704.0,182.0,124.0,251.0,101.0,616.0,261.0,891.0,2443.0,3129.0,4485.0,1372.0,4764.0,916.0,438.0,4561.0,8903.0,531.0,1397.0,2275.0,25015.0,7906.0,3384.0,15749.0,0.0,24021.0,1483.0,14890.0,2601.0,2514.0,6494.0,10497.0
74,47.0,171.0,126.0,82.0,89.0,84.0,0.0,109.0,378.0,607.0,112.0,900.0,1163.0,877.0,1339.0,162.0,334.0,238.0,380.0,137.0,73.0,58.0,1387.0,462.0,361.0,2301.0,12745.0,0.0,342.0,661.0,2879.0,2217.0,2754.0,2348.0
75,14.0,57.0,38.0,31.0,0.0,15.0,0.0,31.0,75.0,0.0,135.0,448.0,649.0,68.0,236.0,48.0,16.0,2.0,39.0,25.0,33.0,0.0,182.0,36.0,5819.0,3274.0,602.0,382.0,0.0,48.0,77.0,332.0,63.0,81.0
76,23.0,45.0,8.0,0.0,73.0,107.0,105.0,3.0,86.0,0.0,39.0,68.0,391.0,77.0,363.0,0.0,160.0,332.0,152.0,24.0,75.0,611.0,4624.0,435.0,225.0,3150.0,11033.0,1302.0,59.0,0.0,109.0,46.0,183.0,176.0
81,48.0,101.0,102.0,0.0,35.0,41.0,43.0,142.0,2.0,18.0,616.0,1101.0,2105.0,1271.0,2084.0,269.0,117.0,146.0,1229.0,45.0,205.0,13.0,37.0,0.0,636.0,189.0,2203.0,6548.0,124.0,132.0,0.0,1502.0,5010.0,3636.0
82,13.0,12.0,110.0,6.0,5.0,0.0,13.0,0.0,22.0,0.0,242.0,294.0,848.0,452.0,1104.0,18.0,22.0,15.0,138.0,111.0,56.0,73.0,53.0,0.0,1824.0,392.0,1972.0,3518.0,567.0,59.0,1996.0,0.0,1022.0,326.0
91,32.0,324.0,316.0,22.0,0.0,0.0,4.0,373.0,17.0,83.0,122.0,506.0,2479.0,537.0,4010.0,85.0,108.0,355.0,2010.0,52.0,33.0,152.0,92.0,52.0,1554.0,243.0,4800.0,6549.0,83.0,129.0,3222.0,922.0,0.0,2386.0
94,93.0,1574.0,605.0,17.0,224.0,248.0,182.0,401.0,2.0,42.0,862.0,1752.0,5984.0,2427.0,7956.0,112.0,245.0,2067.0,5311.0,190.0,181.0,218.0,378.0,130.0,2904.0,653.0,15162.0,7242.0,370.0,356.0,4698.0,808.0,5998.0,0.0
