kode,nama,masuk,keluar,neto,dalam_provinsi,dari_luar_negeri
11,ACEH,36148.0,36389.0,-241.0,100508.0,2493
12,SUMATERA UTARA,172312.0,210629.0,-38317.0,464118.0,9839
13,SUMATERA BARAT,174028.0,93180.0,80848.0,197192.0,4820
14,RIAU,129951.0,152982.0,-23031.0,132734.0,1880
15,JAMBI,47757.0,60678.0,-12921.0,81366.0,5163
16,SUMATERA SELATAN,85684.0,113717.0,-28033.0,168618.0,1213
17,BENGKULU,34452.0,28896.0,5556.0,43480.0,394
18,LAMPUNG,120183.0,103810.0,16373.0,256948.0,7458
19,KEPULAUAN BANGKA BELITUNG,30220.0,18366.0,11854.0,23139.0,149
21,KEPULAUAN RIAU,92811.0,83165.0,9646.0,25590.0,1387
31,DKI JAKARTA,209995.0,797468.0,-587473.0,270526.0,2461
32,JAWA BARAT,681798.0,506569.0,175229.0,1730127.0,34671
33,JAWA TENGAH,717575.0,411888.0,305687.0,986251.0,60947
34,DI YOGYAKARTA,175464.0,100654.0,74810.0,105728.0,3421
35,JAWA TIMUR,281996.0,280954.0,1042.0,1136396.0,82361
36,BANTEN,236277.0,232471.0,3806.0,238136.0,4711
51,BALI,46821.0,74068.0,-27247.0,116927.0,2350
52,NUSA TENGGARA BARAT,69418.0,30932.0,38486.0,140018.0,93230
53,NUSA TENGGARA TIMUR,95613.0,57167.0,38446.0,107907.0,13764
61,KALIMANTAN BARAT,33429.0,43690.0,-10261.0,102042.0,25212
62,KALIMANTAN TENGAH,70757.0,74884.0,-4127.0,50469.0,285
63,KALIMANTAN SELATAN,58678.0,53865.0,4813.0,139050.0,1002
64,KALIMANTAN TIMUR,102384.0,127084.0,-24700.0,52012.0,1396
65,KALIMANTAN UTARA,23388.0,26076.0,-2688.0,8119.0,2758
71,SULAWESI UTARA,30818.0,31574.0,-756.0,54282.0,511
72,SULAWESI TENGAH,44970.0,44083.0,887.0,72710.0,707
73,SULAWESI SELATAN,126573.0,153671.0,-27098.0,336908.0,28728
74,SULAWESI TENGGARA,71226.0,35923.0,35303.0,92317.0,3512
75,GORONTALO,20346.0,12856.0,7490.0,26430.0,7
76,SULAWESI BARAT,30860.0,24084.0,6776.0,24452.0,3603
81,MALUKU,26771.0,29750.0,-2979.0,41273.0,238
82,MALUKU UTARA,15134.0,15283.0,-149.0,20834.0,3
91,PAPUA BARAT,35230.0,31652.0,3578.0,18082.0,83
94,PAPUA,38783.0,69392.0,-30609.0,24782.0,357
