kode,nama,masuk,keluar,neto,dalam_provinsi,dari_luar_negeri,total
11,ACEH,213139.0,268205.0,-55066.0,5193612.0,1106.0,5407855.0
12,SUMATERA UTARA,565954.0,2317372.0,-1751418.0,14545911.0,3343.0,15115206.0
13,SUMATERA BARAT,398493.0,980910.0,-582417.0,5240714.0,1421.0,5640629.0
14,RIAU,1855163.0,447223.0,1407940.0,4757157.0,2064.0,6614384.0
15,JAMBI,659103.0,215868.0,443235.0,2971389.0,645.0,3631136.0
16,SUMATERA SELATAN,965189.0,791984.0,173205.0,7691157.0,660.0,8657008.0
17,BENGKULU,340456.0,124657.0,215799.0,1719478.0,156.0,2060092.0
18,LAMPUNG,1326779.0,776550.0,550229.0,7848788.0,980.0,9176546.0
19,KEPULAUAN BANGKA BELITUNG,229956.0,113121.0,116835.0,1264549.0,115.0,1494621.0
21,KEPULAUAN RIAU,863538.0,132059.0,731479.0,1312827.0,3455.0,2179820.0
31,DKI JAKARTA,3317385.0,3059338.0,258047.0,7349494.0,13071.0,10679951.0
32,JAWA BARAT,5173263.0,2453950.0,2719313.0,44220994.00000001,11552.0,49405808.00000001
33,JAWA TENGAH,1153584.0,5996506.0,-4842922.0,35872800.0,6028.0,37032410.00000001
34,DI YOGYAKARTA,591634.0,800125.0,-208491.0,3167623.0,2613.0,3761870.0
35,JAWA TIMUR,962287.0,3470002.0,-2507715.0,40176973.00000001,10713.0,41149974.00000001
36,BANTEN,2296652.0,691120.0,1605532.0,9951691.0,3644.0,12251985.0
51,BALI,265769.0,275927.0,-10158.0,4145618.0,3677.0,4415064.0
52,NUSA TENGGARA BARAT,120197.0,201287.0,-81090.0,5349174.0,4297.0,5473671.0
53,NUSA TENGGARA TIMUR,128640.0,306776.0,-178136.0,5259982.0,77662.0,5466285.0
61,KALIMANTAN BARAT,340630.0,202483.0,138147.0,5199759.0,986.0,5541376.0
62,KALIMANTAN TENGAH,561361.0,121850.0,439511.0,2179133.0,581.0,2741075.0
63,KALIMANTAN SELATAN,488547.0,311565.0,176982.0,3690608.0,2925.0,4182080.0
64,KALIMANTAN TIMUR,1190495.0,203421.0,987074.0,2663603.0,5686.0,3859783.0
65,KALIMANTAN UTARA,224637.0,52425.0,172212.0,493246.0,9872.0,727755.0
71,SULAWESI UTARA,190496.0,181801.0,8695.0,2467278.0,1772.0,2659543.0
72,SULAWESI TENGAH,417121.0,144507.0,272614.0,2647510.0,1514.0,3066143.0
73,SULAWESI SELATAN,351525.0,1387905.0,-1036380.0,8849367.0,24857.0,9225747.0
74,SULAWESI TENGGARA,440727.0,198673.0,242054.0,2256828.0,4108.0,2701661.0
75,GORONTALO,74134.0,97225.0,-23091.0,1118424.0,180.0,1192737.0
76,SULAWESI BARAT,169710.0,108247.0,61463.0,1285403.0,3493.0,1458606.0
81,MALUKU,130778.0,219646.0,-88868.0,1750189.0,761.0,1881727.0
82,MALUKU UTARA,98975.0,62476.0,36499.0,1220204.0,158.0,1319338.0
91,PAPUA BARAT,302595.0,60886.0,241709.0,879736.0,977.0,1183307.0
94,PAPUA,481602.0,114424.0,367178.0,3934488.0,2491.0,4418581.0
