indeks,prov,titik,x_min,y_min,lebar,tinggi
0,,450,98.124,2.091,0.058,0.058
1,Jawa Timur,361,112.87,-7.578,0.013,0.014
2,Sumatera Barat,110,99.996,-1.145,0.334,0.387
3,Kalimantan Barat,405,109.25,-0.964,0.139,0.023
4,Maluku,509,127.45,-5.59,0.347,0.247
5,Maluku Utara,872,127.922,0.175,1.22,0.555
29,Sumatera Utara,949,98.176,1.476,0.593,0.287
63,Sumatera Barat,330,100.326,-1.153,0.034,0.011
235,Jawa Timur,106,112.664,-7.198,0.003,0.006
365,Kalimantan Timur,44,116.73,-1.107,0.001,0.001
410,Sulawesi Selatan,160,120.474,-5.682,0.006,0.006
